﻿Canchas Sinteticas Pereira-Dosquebradas;Ubicación;N.º de canchas;Formato de juego permitido
San Siro;San Francisco Plaza, Av. Simón Bolivar #26-65 piso 3, Pereira, Dosquebradas, Risaralda;2;5 vs 5, 6 vs 6, 7 vs 7
Mis Canchas Cuba 2500;Villa del Carmen Cuba, Mz 15, casa 12, Pereira, Risaralda;4;Hasta 6 vs 6
Sinteticas Real Soccer;Parque Industrial, Mz 8 #lote 22 sector D, Pereira, Risaralda;2;5 vs 5, 6 vs 6, 7 vs 7
Sol del Olimpo;Unnamed Road, Pereira, TRES PUERTAS, Pereira, Risaralda;6;5 vs 5, 6 vs 6, 7 vs 7
Canaán;canchas sinteticas, Cra. 33 #10-10 LOTE 1, Pereira, Risaralda;8;5 vs 5, 6 vs 6, 7 vs 7
Sinteticas Bernabeu;Cuba, 2 plantas, 3 canchas sinteticas,, Pereira, Risaralda;3;Hasta 6 vs 6
La Bombonera;Cl. 32 Bis #14b -11, Pereira, Risaralda;4;5 vs 5, 6 vs 6, 7 vs 7
Sintenticas Maracana;Cl. 33a #2786, Pereira, Risaralda;1;5 vs 5, 6 vs 6, 7 vs 7
La Perla Club Deportivo;Exito victoria, Cra. 10 #calle 14, Pereira, Risaralda;2;Hasta 6 vs 6
SportCenter La Villa;Cl. 94 #15-80, Pereira, Risaralda;4;5 vs 5, 6 vs 6, 7 vs 7
Mis Canchas El Progreso;a 19-159, Cl. 36 #19-1, Dosquebradas, Risaralda;3;5 vs 5, 6 vs 6, 7 vs 7
;;;
